"(PDH-CSV 4.0) (RTZ 7 (","\\DESKTOP-M5PFFQC\MSSQL$TEW_SQLEXPRESS:SQL Statistics\Batch Requests/sec","\\DESKTOP-M5PFFQC\Память\Доступно МБ","\\DESKTOP-M5PFFQC\Процессор(0)\% загруженности процессора","\\DESKTOP-M5PFFQC\Процессор(1)\% загруженности процессора","\\DESKTOP-M5PFFQC\Процессор(10)\% загруженности процессора","\\DESKTOP-M5PFFQC\Процессор(11)\% загруженности процессора","\\DESKTOP-M5PFFQC\Процессор(2)\% загруженности процессора","\\DESKTOP-M5PFFQC\Процессор(3)\% загруженности процессора","\\DESKTOP-M5PFFQC\Процессор(4)\% загруженности процессора","\\DESKTOP-M5PFFQC\Процессор(5)\% загруженности процессора","\\DESKTOP-M5PFFQC\Процессор(6)\% загруженности процессора","\\DESKTOP-M5PFFQC\Процессор(7)\% загруженности процессора","\\DESKTOP-M5PFFQC\Процессор(8)\% загруженности процессора","\\DESKTOP-M5PFFQC\Процессор(9)\% загруженности процессора","\\DESKTOP-M5PFFQC\Процессор(_Total)\% загруженности процессора","\\DESKTOP-M5PFFQC\Физический диск(0 C: D:)\Среднее время чтения с диска (с)"
"12/02/2025 20:26:45.836"," ","1318"," "," "," "," "," "," "," "," "," "," "," "," "," "," "
"12/02/2025 20:27:00.850","0","1129","100","12.581486293366506146","25.277984712663268851","20.802989368157032146","100","19.137874821364007971","100","14.142531180984951433","100","10.500093109875230368","27.255308236979981729","15.911715386952540285","45.467498592528635015","0.00033765589887640448056"
"12/02/2025 20:27:15.837","0","916","100","56.941793866070653962","44.847963571795112614","40.469162948005688918","100","58.71416554712828173","100","64.239794905719691087","100","59.2354513356746466","43.075591890737484846","37.132933901308987856","67.05473816387004149","0.0013685875234261122343"
"12/02/2025 20:27:30.846","0","964","100","33.477328010688957249","27.751589420059687541","20.568390097270228267","100","44.512387839901748521","100","49.509396064450925223","100","44.824700853936072065","25.669502659830854441","19.735555393178692896","55.504070972654396599","0.0038529513263336929996"
"12/02/2025 20:27:45.833","0","910","100","31.607311844275098878","20.034768574022866261","15.655968417711207508","100","40.677683596634949481","100","46.933112391365881422","100","40.052140717161854866","21.911397212442139448","13.883596925870778094","52.562998306623732958","0.006883039293393276338"
"12/02/2025 20:28:00.834","0","640","100","29.905091001614447777","19.906411560537161876","14.282154374931188556","100","37.820712225800633632","100","44.590651430696716773","100","39.070547155935287265","20.010564471381719898","13.136472355641082288","51.560216936948407351","0.0088787099016953974218"
"12/02/2025 20:28:15.837","0","571","100","46.364823976142609752","29.59732234538330431","24.806607593737794559","100","50.114078999169528572","100","58.44575682811825601","100","53.550896103610881482","24.18173175656663787","22.098812299329452458","59.096669491771990579","0.0030881959893302849719"
"12/02/2025 20:28:30.843","0","576","100","39.919791317882136639","17.324634846444396885","11.701877014842377633","100","46.583800599780822438","100","53.66431046179818054","100","47.20855146995882734","14.929756510762059563","13.472004480346722488","53.733727447284941547","0.0031382321164710996059"
"12/02/2025 20:28:45.832","0","567","100","39.434676187331533015","15.771460171022166463","10.455054810529752274","100","46.627459910350680161","100","48.295351788152217409","100","43.708649124197982871","15.041757474483985035","11.184757507067921267","52.543263580849639993","0.0048832040807205712163"
"12/02/2025 20:29:00.842","0","560","100","38.166144247617637575","17.034371995540830369","11.413112381687895436","100","43.162819459931355937","100","49.825053076349668402","100","40.976774054544108594","13.495060386818613196","9.8516513778398540069","51.993748692953033697","0.0062506904533312689434"
"12/02/2025 20:29:15.831","0","538","100","38.288005461931831519","19.315736870836541783","13.06114282981612007","100","40.998329546374009169","100","48.08686945953049019","100","46.314734481241373487","19.211493636819533037","14.207818404003191404","53.290344780176667427","0.0075226827021206863974"
"12/02/2025 20:29:30.846","0","541","100","40.476111983151326967","16.749806969442428084","13.315736506931919791","100","44.118307928238230886","100","53.379891902887756316","100","47.344252908172336447","18.206685347477179704","15.813242297848651319","54.117002432011197754","0.0026414878692386980358"
"12/02/2025 20:29:45.843","0","561","100","45.405680833801923768","19.983898626640971941","12.794952018878246847","100","46.134994257777847793","100","61.658951425265470903","100","49.364810849671250992","17.483395458723506977","13.31589017886105708","55.511881137468357394","0.0011678197247706422184"
"12/02/2025 20:30:00.841","0","496","100","42.804804195753888507","18.322343332369850799","13.113309106117920777","100","45.305140624354812928","100","57.181738660209191494","100","46.659489523180312176","18.218162647844803104","12.904947737067850255","54.542494874493677059","0.0024579896658831431634"
"12/02/2025 20:30:15.837","0","523","100","41.963616398044358391","17.582083610149169317","11.434603120893548578","100","43.734924335626487846","100","52.383074854409827026","100","47.069151041663438662","17.790472779276477411","14.039467734984912184","53.833116045113129644","0.0032123797648307451935"
"12/02/2025 20:30:30.852","0","539","100","40.059867405233887894","16.437627650004881019","11.026365679644046125","100","43.077686581012045508","100","54.212398712331435036","100","42.557372930015802126","15.813251268809391803","11.858867521238025233","52.920286590024367968","0.0030430567896412908692"
"12/02/2025 20:30:45.842","0","528","100","39.438717382264400158","16.506734291211333954","11.086447378780606599","100","43.191223706254902481","100","51.947071795566067465","100","43.086987419477381422","15.777080283768729174","12.024573959778228627","52.754903351647918441","0.0033653436617468533015"
"12/02/2025 20:31:00.832","0","495","100","38.813295987943405407","15.255893761836446743","12.128804970760299398","100","40.37684038348147908","100","49.758106756709921115","100","44.754764690988089626","14.422003417549477788","11.399150919509203561","52.242404851694104195","0.0047658650319467102396"
"12/02/2025 20:31:15.842","0","485","100","41.60135767795252093","18.804026718008859831","15.472909865414353092","100","43.162818702606195131","100","51.594708235736050028","100","45.452961538764924398","18.595831914721706823","15.160617660483621805","54.153769470511250006","0.0053100843615390231831"
"12/02/2025 20:31:30.839","0","521","100","43.009367577965122109","15.191270947831092997","10.190264812076655687","100","46.239184040639855766","100","56.970509706946238282","100","43.530305717106209329","17.483398760051869658","11.440516346015261462","53.67123460345241881","0.0033814185991179199556"
"12/02/2025 20:31:45.841","0.26663453898228289818","776","100","40.945299157491263031","18.448270265106991417","15.740294565097768142","100","45.840485999815626883","100","52.089660692144590826","100","47.715238407514313224","18.344117353568169193","15.6361416535589548","54.563292674480791788","0.0049895284164491295401"
"12/02/2025 20:32:00.830","0","1199","100","34.535241175774153533","17.64783523704073076","13.165375636018906036","100","39.538917009472939412","100","47.878376732304261054","100","47.982619978839657904","17.335105497434565081","14.520537840978997579","52.717000647795885016","0.0061116519040902671234"
"12/02/2025 20:32:15.833","0","1164","100","29.389034164829631379","18.141269695510452209","12.100803591616815069","100","38.033149451436031541","100","45.115075228414767139","100","36.9916897783509242","16.89151808780832198","12.309095526233837958","50.74763640477242177","0.0077764199100517203064"
"12/02/2025 20:32:30.841","0","1196","100","30.34956285494987327","16.086319373826007961","7.9656406035511047037","100","33.577012109802716111","100","44.300472537217018498","100","36.492127565798838873","15.461651776112550039","8.9026420001212862587","49.427952068625558013","0.0080699377455761452105"
"12/02/2025 20:32:45.838","0","1194","100","29.152404573389990361","15.608011330067483868","10.190254032738488732","100","31.236157380054983435","100","44.467987702377740789","100","36.02878883538448207","13.524258523402487242","7.58556302440723762","48.982785227884939161","0.0062821502574541970843"
"12/02/2025 20:33:00.846","0","1195","100","33.056454886268952009","17.543876002993798124","11.297199942614533086","100","40.968911229416015374","100","48.569033769544112999","100","40.344243623378083896","15.669873184880012573","12.650646422363376331","51.675020365996317651","0.0038477727712060011411"
"12/02/2025 20:33:15.842","0","1190","100","34.461609368739154036","16.748530819749738896","12.476553052052285153","100","37.483252180037354151","100","44.985261918432875916","100","40.609089571035482891","17.061114558849553191","11.955580153552602951","51.315082301781430374","0.0054760488153365880284"
"12/02/2025 20:33:30.835","0","1180","100","32.989475981987517628","16.731868288659445199","10.374726818832446185","100","36.011723566003631447","100","50.080807146768300697","100","42.88994220548858749","14.647559610027649057","8.0819872723374643897","50.984007796501671805","0.0035161033746107612716"
"12/02/2025 20:33:45.846","0","1182","100","39.107082140881374244","22.556699338146568579","16.415362323295290992","100","40.56434855118506988","100","58.780178679981240464","99.89590954212116003","47.226137855430529555","20.162618806933362947","13.188558129051397572","54.824741280585499226","0.00178444102252901457"
"12/02/2025 20:34:00.842","0","1157","100","36.649693852643672187","20.603728150846180256","10.184269902925723983","100","38.733585502227754205","100","55.196329533942069645","100","47.069152100564117802","16.956917764074020738","11.642994057634592053","53.08638890531551624","0.0017198096791718226091"
"12/02/2025 20:34:15.829","0","1163","100","36.820164957569978981","19.721991777770430332","15.343191329285177815","100","39.113822335347961712","100","56.31625266868287838","100","45.786280161611202288","18.783677395952157241","15.343191329285177815","53.935714552040671776","0.0029790060004598051258"
"12/02/2025 20:34:30.834","0","1161","100","34.917442044225808218","18.985231856652283966","13.153834663814922834","100","40.019914587958503205","100","53.14055827184258618","100","43.976934111669571337","17.423250465713703505","11.695985365605576334","52.776095947290244226","0.004599885936869298024"
"12/02/2025 20:34:45.842","0","1165","100","36.283907155967874303","19.105548791155303689","11.297204079876854266","100","39.303133777662210946","100","55.648602039938424468","100","46.174477123587244876","16.294544695095058984","12.962984284949586211","53.089200051300700522","0.001308545677162780644"
"12/02/2025 20:35:00.827","0","1151","100","36.394642744899506681","21.900962976933989523","13.142192469674252919","100","37.020269209703783986","100","55.267707766494901023","100","51.722491132604055508","17.000222335967229981","13.559276779543761648","53.833980784985904222","0.0017006423521947978874"
"12/02/2025 20:35:15.829","0","1119","100","35.841807347418885854","20.843788285776543745","14.386307856458312671","100","39.278853382378585479","100","51.36059095981268996","100","42.507593597037704569","18.864882992920961158","13.657237485406259481","53.061754936741287736","0.0032052840031307383746"
"12/02/2025 20:35:30.832","0","1125","100","36.470964176235810328","18.349567072408000001","12.621539252232539141","100","38.033153581738211813","100","50.530668825757395268","100","46.260684450717505456","14.183728657734938849","11.996663490031577837","52.370581014416053733","0.0026115571655192107783"
"12/02/2025 20:35:45.840","0","1118","100","36.075675685688366912","16.502755537332358671","9.9437450620854068717","100","41.073017000162238332","100","50.963588351725121584","100","42.218241051395835939","16.710978092102102721","11.713636777628233077","52.100136352124607697","0.0037490864794988230241"
"12/02/2025 20:36:00.844","0","1102","100","32.517916043409911708","16.272229164971562909","10.544583150137521343","100","37.100032855277142119","100","46.160127460560076429","100","37.829005984437834798","13.981170759037942375","9.8156100209768286646","50.351722619989217833","0.0056114317183201907133"
"12/02/2025 20:36:15.829","0","1113","100","33.683595615852702565","17.730120976270104194","11.578127487803602236","100","36.49891466989668487","100","45.98758259278569227","100","38.480065115335051473","17.625849900194388908","10.43114565097086377","51.001283611981577337","0.0065706620123743911255"
"12/02/2025 20:36:30.838","0","1118","100","32.748604365724411025","15.987807620959138433","8.284087378023540893","100","33.997856297011267657","100","43.575454436877137709","100","36.912777470013921288","13.489303758385428722","8.1799830504163058009","49.431323197918111134","0.0077083041763966230267"
"12/02/2025 20:36:45.847","0.26650769127538503911","1116","100","32.956806767318937545","15.987799784513011758","12.03183496643556083","100","34.414267489768526787","100","45.449327245458270852","100","37.849710621256839715","14.530339062063424294","10.782582918621629986","50.33355562690838525","0.0087801566344195523806"
"12/02/2025 20:37:00.832","0","1110","100","31.181091167793585583","17.625851549328686474","10.952502814084430938","100","35.560476275297624227","100","44.00643326834114788","100","37.750168829049655983","15.957514365517621258","10.118334222178893","50.262697707632632671","0.0054231094980212463802"
"12/02/2025 20:37:15.838","0","1098","100","32.422784478427644217","18.261765509346229663","13.888509651247559873","100","36.275414639133614969","100","48.978681655515480031","100","40.336295078796666758","15.658637022382738024","11.597756582719675578","51.451653384930359891","0.0048876053456627039165"
"12/02/2025 20:37:30.847","0","1119","100","38.786648025737981982","21.29711889023454674","18.069884347373786682","100","37.01687424416917338","100","57.62953358244108415","100","48.468351654320244393","18.590406047835205783","13.59339772340565311","54.454351209626473462","0.0011252669208170118162"
"12/02/2025 20:37:45.832","0","1107","100","38.167256838685545972","19.085651444890359585","13.767826990881859572","100","41.92101527680919304","100","57.457404367932049638","100","46.300400121286763522","18.35575397081076332","13.767826990881859572","54.068594666848198926","0.0013501045350478280659"
"12/02/2025 20:38:00.833","0","1104","100","37.816570941822348573","21.463474857845977084","11.672449176993882958","100","40.524726981206960374","100","56.044544283834220266","100","44.899440583289816686","15.943002931408090106","13.339006739692106152","53.475268485756465964","0.0018778463904431704889"
"12/02/2025 20:38:15.840","0","1095","100","32.323162564451337175","19.620740768856048675","16.080721579919654118","100","38.986728096566899637","100","53.667395909508996965","100","45.129702571485928786","17.954849385827166941","13.373648082497712863","53.094745746592806768","0.0035308845209032651592"
"12/02/2025 20:38:30.847","0","1092","100","35.550832272604850459","19.100156180636453485","13.581891415609081974","100","38.778496569130297189","100","51.064444536549721931","100","43.880288521702759397","17.121910321475695582","11.395409150220881855","52.539451969756477467","0.0027719104707292574821"
"12/02/2025 20:38:45.836","0","1086","100","37.454049992367387745","19.524210990179380332","12.956886239377951142","100","39.955887992672700193","100","53.820240244364590865","100","49.025050743779431173","19.211481240141214499","12.331426739301631912","53.68993651542708534","0.001125663002812747485"
"12/02/2025 20:39:00.851","0","1085","100","36.313610814670163052","18.41482169722452511","13.00355987102003219","100","38.186739908356337025","100","52.443333565856640632","100","44.742691736257931723","17.166068968100411496","11.026368049906842828","52.608099661949644599","0.0025614786596644205895"
"12/02/2025 20:39:15.842","0","1080","100","38.608920104813961416","24.329500842266437388","17.658823230565413809","100","40.172360170056386153","100","53.305256718092785206","100","44.133075002003877785","22.24491408860986752","15.782695152274495598","54.686295108856384672","0.0040231996179818634712"
"12/02/2025 20:39:30.831","0","1079","100","33.388570796716820155","15.667220304450568236","12.748409635136127349","100","33.805543749476029802","100","48.399597096048239564","100","38.079516515257893161","14.729031160742355411","12.43567992056672189","50.771131098444598706","0.0049582899612822216306"
"12/02/2025 20:39:45.844","0","1044","100","31.829825075905649356","16.530564444086003562","11.743040708958762508","100","36.096965796345138244","100","50.147307192914205132","100","38.802957472721409715","17.467253870523936854","11.430810900146115117","51.170726899770016871","0.0077685476267895054933"
"12/02/2025 20:40:00.842","0","1044","100","35.61633438783303518","16.967991111817038785","13.842570451032242929","100","39.887742624238939015","100","51.347618380449887354","100","45.721861191037241667","16.551268357045735513","10.508788412861779449","52.537014465233589533","0.0037324642364419376508"
"12/02/2025 20:40:15.836","0","1020","100","40.496963888740758364","18.508976814352486429","13.611178745649887389","100","36.32862510686619828","100","52.793563295270686808","100","42.789550218771751133","18.508976814352486429","13.715387215196750859","53.06276861942244949","0.003105573613434353588"
"12/02/2025 20:40:30.845","0","1094","100","35.247100462600378989","18.27809302755835219","9.9497458201757709162","100","37.849708964907435416","100","50.342229775981316209","100","42.950821629429270843","17.445258306820100813","12.24004130220597375","52.025250162895808614","0.0045728823414522053875"
"12/02/2025 20:40:45.841","0","1077","100","31.544173462491553295","15.914989321507889031","10.184288469813884248","100","36.441317826666441704","100","45.923022872196526123","100","38.421014484524363297","15.289821955868543313","10.288483030753770464","50.333925729703523189","0.0058426438770511875467"
"12/02/2025 20:41:00.830","0","1082","100","32.137636092247859665","13.895065149303743368","10.559280748308241371","100","33.18006871755895304","100","44.959557383574299649","100","38.809204894238860106","13.373848836648194904","10.97625379843267801","49.824243190745029608","0.007747572867749420375"
"12/02/2025 20:41:15.836","0","1081","100","34.50964718667304254","20.870161942562027946","17.434261079541691686","100","38.153784465633997058","100","47.107950351080930318","100","42.526749200387158112","19.204270615037010828","14.310714840432304129","52.843128417838435951","0.0054740529630098273481"
"12/02/2025 20:41:30.844","0","1091","100","34.722229514638755177","19.834316947801987396","14.628753113243675443","100","39.407236965741240908","100","49.81836463485787192","100","42.634686543167390482","17.543868860596322889","13.067083962876180792","52.638044489983485619","0.003943548944469940469"
"12/02/2025 20:41:45.837","0.26679156424816424797","1086","100","29.341939564576001942","16.419226446592848134","11.521101313163750746","100","38.929758974692532547","100","44.557392106717450986","100","39.45083611654669653","15.585503019626202104","9.853654459230442697","50.47161800025152445","0.0049654138829171492325"
"12/02/2025 20:42:00.849","0","1076","100","29.535452338048084897","15.588259743215648001","10.384083401860266349","100","36.509048635464289134","100","46.917401318175066649","100","37.029466269599829786","14.54742447494457025","10.592250455514474083","50.091948886401851837","0.0062167457070818775075"
"12/02/2025 20:42:15.844","0","1073","100","35.395049850346595122","17.680789325441626403","12.887518830467337594","100","37.270677435336530436","100","55.08913949274093369","100","45.398396970292928643","20.390029170427091287","13.72113109046286894","53.15272756931135234","0.0022430182698604168336"
"12/02/2025 20:42:30.843","0","1081","100","34.058022539730444578","18.848656490442373013","11.973189646243643125","100","41.558531824310875891","100","55.205291772644692117","100","43.225311665328746358","18.119440309997049354","10.306409805225779763","52.774571393397607721","0.0026039406731419218778"
"12/02/2025 20:42:45.829","0","1074","100","35.147721961930436407","18.152671607902558293","13.043730090434058511","100","35.877570750140222344","100","49.64043361352475614","100","46.929566685888410404","16.275917581077393947","10.33286316279770034","52.116705954162803494","0.0038146033905768384105"
"12/02/2025 20:43:00.843","0","1072","100","30.377395693624663409","17.05647887566347265","8.8349755270780363503","100","39.743665331253637873","100","49.214004631522925592","100","43.073894535743939116","16.119851911900575203","10.18788114140222234","51.217345970372043951","0.0052484572197729313994"
"12/02/2025 20:43:15.842","0","1063","100","31.974542749585832979","18.952824286642844243","14.577526883094005683","100","38.850010098019730265","100","50.934164831630823755","100","42.49609126764376299","19.682040520567657182","11.764835695098319945","52.436002916571581522","0.0072343890567720201684"
"12/02/2025 20:43:30.832","0","1054","100","30.995580454970394157","17.757572475787974042","10.669505211343855322","100","34.331141520591160088","100","49.132693749283319562","100","37.353993736309988094","15.985555659676942142","11.607631761049685082","50.65280632526980753","0.0074382721834061141936"
"12/02/2025 20:43:45.845","0","1051","100","32.246142318900147927","15.802041683548717188","8.6207572288699356733","100","39.32335018727923881","100","48.065783436453415334","100","39.115197014679857546","16.946884132845340787","8.932986987769009346","50.754428360498749839","0.0048260648875891069484"
"12/02/2025 20:44:00.830","0","902","100","38.584332502777186846","19.398453352541189076","15.85323655304106083","100","38.375790338100699728","100","56.206145417939580966","100","49.42852506595404094","18.877097940849996149","15.85323655304106083","54.38140147702039684","0.0020657595856676722566"
"12/02/2025 20:44:15.833","0","936","100","40.011926828707913728","23.661011051116155102","19.49517263644309395","100","43.552889481180024234","100","56.258696645932857905","100","51.155544587958360125","21.161508002312313437","16.37079382543829098","55.972295588191158799","0.00081370510886619499234"
"12/02/2025 20:44:30.843","0","952","100","38.166138892246472381","20.573676725225688244","11.829494346351443923","100","40.768574124054282493","100","55.758601059267256517","100","42.746424900228205956","20.677774134497994396","12.34998139271300488","53.572555464548699433","0.0015882774095721217955"
"12/02/2025 20:44:45.841","0","947","100","36.866504335933470315","20.09341390373098335","12.071501088329783968","100","38.220853252819388501","100","52.701968594907256715","100","40.929551086591217768","17.488896755873451383","9.9878873700437580396","52.363381032307579233","0.0030589769608468306283"
"12/02/2025 20:45:00.833","0","934","100","33.818787072651879555","19.123431131303714636","13.182755325226791498","100","36.632791401846212409","100","51.119702578068860532","100","42.156577677672110838","15.996759654421122576","11.515197204222749505","51.962166948288327717","0.0040383763793043047502"
"12/02/2025 20:45:15.844","0","939","100","36.504823231859425903","21.619888350147785872","14.229466136151103228","100","42.125707732645643944","100","51.806119928444125833","100","40.564350926871696856","18.809446099754680404","15.478551580770261609","53.428196276583548752","0.0015288466969514533014"
"12/02/2025 20:45:30.833","0","950","100","36.932834163060668686","19.628454776396331738","12.539913822822978062","100","43.500158870047741289","100","55.800862289483845302","100","46.210483352296371606","17.543589790051228761","14.312049061216313817","53.872362177114617054","0.0010371718848440024657"
"12/02/2025 20:45:45.837","0","947","100","41.265591636044298696","22.520567690100989466","12.419082563675976516","100","43.556650118326260213","100","54.491247420126519785","100","49.700852411718784651","17.938450725537069985","12.939777673285512094","54.569351353323078513","0.0014462046769011067601"
"12/02/2025 20:46:00.851","0","928","100","37.558197425114528301","18.929726323607031446","14.975078827197618736","100","42.657611302063514813","100","52.75236938500332684","100","46.404119456556635726","18.617517310732601743","13.934382117616195274","53.819083845347236661","0.00093067956133368711768"
"12/02/2025 20:46:15.847","0","930","100","36.753891387398915924","18.311451149457582233","14.45625177768452474","100","38.421004629246709783","100","56.655055711957082565","100","45.714625062330860317","17.790478261380137326","12.684943958221239768","53.398974828050441488","0.0013848861774594357042"
"12/02/2025 20:46:30.832","0","945","100","34.622037481983788609","19.398460882892297974","12.725112236715208525","100","37.958711805072340439","100","56.310420582059350636","100","49.637071935882246976","19.189918737699262152","14.289178325662966529","53.677576332664720837","0.00073947513976480949791"
"12/02/2025 20:46:45.839","0.26654334061687445789","937","100","41.173211712780791061","20.245451631840861495","12.332467720639694875","100","40.652620665991243243","100","55.749761022888201012","100","47.316186064897493679","19.516624166335493129","12.957176976787154743","54.161957997001806575","0.00098433428982851157128"
"12/02/2025 20:47:00.848","0","1011","100","38.8907584730980318","24.107943657390904946","17.445266557353900083","100","44.40828794656618328","100","61.169085026346792233","100","50.758652057538952818","22.234065723005503656","16.924744908913513797","56.328233695851146479","0.00055324877313195168754"
"12/02/2025 20:47:15.835","0","997","100","40.052137917164976955","19.200707627483225792","16.385764538376189847","100","42.137280946133145676","100","57.046053603255600706","100","46.099052701172681168","17.636850355757093922","15.134678720995287549","54.474377645692030114","0.0010729682894535825122"
"12/02/2025 20:47:30.844","0","1016","100","40.244107194492897861","19.215029935411997997","12.864665020541032447","100","44.30417656629563794","100","52.840732681368088208","100","47.427306852297753892","17.965777821011151616","14.322125820675356778","54.098659602451327544","0.0010635922350548413992"
"12/02/2025 20:47:45.839","0","1001","100","37.270683292032401823","21.015245739801603264","13.721139145851878993","100","41.021938111777977554","100","55.193345208594578821","100","45.919409682001358419","19.035416807158100028","14.763154373558984744","53.995027696731412448","0.0011518515247535478663"
"12/02/2025 20:48:00.842","0","984","100","40.636795468740359638","21.057352570710861528","14.496156280413751816","100","42.094839088806388361","100","58.133318909532682994","100","48.447743433379784506","16.995659629098369692","15.121032117584897847","54.748574791522266025","0.0012923020347514121986"
"12/02/2025 20:48:15.841","0","979","100","39.162534180405096151","24.161515211189911412","16.348484498057004544","100","39.787576637455721595","100","57.913807891924072635","100","47.079738636379772743","25.203252639607633512","14.473357126905106895","55.344189346301661203","0.0013024838402982755192"
"12/02/2025 20:48:30.832","0","987","100","36.94125280511156717","17.34613797430325377","13.489652608665448241","100","39.963903497097952311","100","55.806762296474879292","100","46.426122217896434563","17.34613797430325377","12.134671263981900324","53.287886497463645696","0.0010549653144547096063"
"12/02/2025 20:48:45.843","0","971","100","37.96209536988317268","18.184911007933180827","11.419032147266083399","100","39.731632918057648851","100","53.263390639391850812","100","45.352516894611859755","16.935825679810022848","10.898579927214768759","52.81233227074033465","0.0015198912156842827106"
"12/02/2025 20:49:00.831","0","990","100","37.9711213223317543","20.352834773548678982","14.306322230179336685","100","39.743374998836564771","100","54.33840527593497427","100","47.562141218710721091","15.974325690419155066","13.15956985126446277","53.617341391302360876","0.00086797570088783301129"
"12/02/2025 20:49:15.833","0","984","100","37.299948925413282552","23.343459151335832047","17.198437534391285197","100","45.42387580883149667","100","53.651955601011479757","100","48.860921797969972147","20.531330614767995257","14.282156089061670556","55.049340349135491124","0.00085969578362813650271"
"12/02/2025 20:49:30.840","0","985","100","39.715557585188697942","19.100152407066705251","12.436587096966666977","100","39.819675793159014177","100","57.623889356082557356","100","48.045014222813755111","16.184842583897939505","12.020114265085412697","53.745485776010127665","0.00084816357707063864697"
"12/02/2025 20:49:45.850","0","966","100","36.396488443256522771","18.075345998106197243","13.495060386818613196","100","38.686631248900319235","100","52.323390682506534688","100","43.162819459931355937","16.305690193745082439","10.996722780661748686","52.453512765938882012","0.0013925891965402817287"
"12/02/2025 20:50:00.837","0","954","100","39.947879964326105551","19.617735160582338239","12.528248767481953152","100","36.924422531974464334","100","50.373595248297263538","100","47.037366357426492414","17.115563492429263448","11.694191544764255042","52.936583700147807008","0.0020080009624555625325"
"12/02/2025 20:50:15.841","0","943","100","38.557973790036307093","19.083975652302044068","15.230831635744991104","100","41.473866559322715375","100","50.22154486718195443","100","44.389759328609123656","18.459141487454957087","12.939773031305668027","53.363071751669963305","0.0019067864356047891598"
"12/02/2025 20:50:30.830","0","953","100","39.538923060025531697","18.481789367137878344","11.393249312106391358","100","40.268625712749361867","100","54.132976114502127984","100","46.002003698436602974","17.856329950517459082","11.914465492623415699","53.299030225674904671","0.0010547315126151479703"
"12/02/2025 20:50:45.838","0","935","100","35.138679375371026481","18.168542518525889307","13.067090334566310972","100","41.073021711813808565","100","58.459603644900546726","100","44.508693590806998941","19.209655209129884668","11.713643836781118424","53.444911296032714176","0.0011618346586304698683"
"12/02/2025 20:51:00.840","0","933","100","37.924864309086004255","18.448269721500576424","10.011883830621325586","100","36.779182274522156604","100","56.464082686573746628","100","45.111415253168331674","15.74029400344056917","10.220189655087486003","52.558348477833348511","0.0018366145345030770834"
"12/02/2025 20:51:15.854","0","921","100","38.911102740690282076","22.780303634739684782","15.079147932543913058","100","39.223311755644175491","100","54.313414145081836182","100","45.987840412978300719","18.617516768687913498","17.264611037221090584","54.348103813616965851","0.0031563982970561738593"
"12/02/2025 20:51:30.849","0","935","100","33.415222509045591437","16.326171634997820092","9.3446691437710001082","100","38.208492876156554985","100","50.608474912813164792","100","41.334538767750650834","14.65894715948097371","9.3446691437710001082","51.103431845537336642","0.0035256925693822739436"
"12/02/2025 20:51:45.835","0.26691558324241243527","922","100","33.792289823505186064","18.882522019979575134","9.2902238526763945003","100","36.815949028415971611","100","49.953226953200768889","100","40.882249338468412247","16.27591925712544807","10.749921399874706296","51.38685880641568815","0.0055449782550607285003"
"12/02/2025 20:52:00.850","0","860","100","30.798283495732025727","18.102630242317442111","11.130427226097960869","100","34.024228174878345499","100","49.00926152317096296","100","40.684242996341737353","16.541689268536963198","9.9857371786589492757","50.85637467581045712","0.005541704176186374245"
"12/02/2025 20:52:15.840","0","870","100","37.66669884371434307","20.780419935155357791","14.526242561614989057","100","34.122664998708138739","100","52.364015671534211549","100","49.2369269847640183","18.904166723093240421","14.94318771985101435","53.545360731277781952","0.0039684877611749274848"
"12/02/2025 20:52:30.852","0","880","100","35.468214656798814133","15.692344954850067751","12.569839212437106113","100","33.386544161856846813","100","53.682831487541079696","100","45.147982458278988815","15.067843806367475779","11.529003964966122453","51.878716614501676929","0.0029969091325604993274"
"12/02/2025 20:52:45.842","0","875","100","37.145515718679448014","20.780417821221199404","11.920332972278835371","100","36.103152795274461084","100","58.409719356141124535","100","50.175052261241745555","15.67283949653677233","13.171168480364814357","53.61484990847819887","0.00076530607185599488964"
"12/02/2025 20:53:00.841","0","871","100","39.683404101027818456","16.661007393475401273","12.702405244665481376","100","37.079060582073928742","100","52.080079251248356798","100","47.496434657889494702","15.202575022861219978","10.514756688744208546","52.618310467402807262","0.0018536213778143463896"
"12/02/2025 20:53:15.839","0","877","100","31.865832774913759096","20.926860972721005538","15.613646097370248","100","38.533396540059804636","100","54.264679798451290083","100","45.82604440818830227","17.176356354826349815","15.926188148861463389","53.344417313534805203","0.0029859991704549227777"
"12/02/2025 20:53:30.851","0","1099","100","43.274475989884663818","26.7251946731721155","21.625101688776425135","100","45.564313656348033987","100","53.058327837500883106","100","50.768490171037520042","24.95577465817769891","20.480182855544747156","57.204321572158647768","0.001514999620710721917"
"12/02/2025 20:53:45.850","0","1098","100","36.141498192507292231","20.723784868675455328","14.890055502901244466","100","41.037663910210653739","100","52.600948903084528752","100","48.746520572126570414","21.036306084699074148","16.452661583019335012","54.302453079198031105","0.0012301952920264092473"
"12/02/2025 20:54:00.839","0","1038","100","36.411615795303262644","22.338776668034320494","16.084181500359228778","100","43.187427226951278669","100","52.465076725669327118","100","42.97894072136211463","20.566641370526372867","16.084181500359228778","54.176404015011115689","0.0021832735075964374363"
"12/02/2025 20:54:15.841","0","908","100","38.966395465601635806","22.510235881241658973","14.802920632870531392","100","41.674371093407700073","100","53.339496874726165743","100","44.486499629975540415","21.156248067338623287","15.42783808544117008","54.363666922024044936","0.0035732103052311318774"
"12/02/2025 20:54:30.833","0","768","100","37.570793677745626837","26.314776511128812331","24.438773650026000439","100","38.404572727124651976","100","52.683038947740421065","100","44.345248453950190992","23.917661744164121274","20.061433640786130894","55.6446915015516268","0.0047207743063634758848"
"12/02/2025 20:54:45.844","0","768","100","30.159958616525994302","15.796432966869645043","12.153509794855343884","100","35.260051057345997094","100","47.958240399795826647","100","41.609145728570908318","14.547430736464740164","9.6555053340455447852","50.595022664161326986","0.003522422934270071776"
"12/02/2025 20:55:00.838","0","745","100","39.038035557256037578","22.156260788496162206","16.007960101108309914","100","42.164290144063407695","100","51.85567936316630977","100","48.208382345224350729","17.883712853192733405","15.278500697519914908","54.382735487636089999","0.0013106323523853235548"
"12/02/2025 20:55:15.842","0","764","100","37.828998940261236328","19.0839734951138702","13.043909740566384414","100","39.286945363772694861","100","53.449853477884047948","100","45.431148148570997591","19.188112525364687144","14.710134224579485718","53.501922993009443985","0.001645867542901716064"
"12/02/2025 20:55:30.841","0","779","100","34.683067592966857262","18.536138529027248012","13.431625470104401998","100","40.516796803164403684","100","50.517475449217322137","100","45.412962390294474346","15.098405244446555074","11.660671959865865688","52.488095175471940479","0.0019998422190980859672"
"12/02/2025 20:55:45.837","0","769","100","35.920327929478546025","17.998858667479044726","8.9339294477467348088","100","38.837776413990084734","100","49.465624464710721497","100","41.651030309769076609","15.706577715362834979","9.6632915688746319205","51.514784932066092438","0.0016598099249872137143"
"12/02/2025 20:56:00.839","0","754","100","34.904436796936664678","18.135819715827562248","13.240633362957199282","100","38.966399940807825431","100","49.173384251048155136","100","44.903115304927197826","16.677679100078933061","13.34478626408209756","52.445521116959035623","0.0012775741081346386838"
"12/02/2025 20:56:15.843","0","757","100","40.64074998766993474","21.791584632877412986","14.710130245441543906","100","37.204161829061355604","100","53.866407446557509786","100","49.284289901746070939","21.270889457330653727","13.460461824129332342","54.352389832564426797","0.00079820216888642255958"
"12/02/2025 20:56:30.832","0","778","100","37.454056251560139401","18.273300168705254976","11.705976075119073343","100","38.913461605690415013","100","57.156028532318693181","100","46.94019105340685627","16.709651574994268231","12.748408470926408498","53.325089144148392961","0.0011796490445705417639"
"12/02/2025 20:56:45.843","0.26635705322799446693","791","100","35.48969834909697596","16.864949969239496852","10.72606642504065988","100","38.715213431642126807","100","55.050886591628866995","100","43.709559365905590766","13.847532633955317749","11.350359666823583993","52.146188980429840854","0.0018741036703103805625"
"12/02/2025 20:57:00.848","0","769","100","35.724798523974357067","18.536130382087435464","12.389879349533927666","100","38.329142181836004966","100","55.934505308980796201","100","46.03799940910651145","16.661002948427039883","11.139794393760338309","52.896104152571545853","0.0023442404557595043942"
"12/02/2025 20:57:15.844","0","773","100","38.212615061989474441","20.395342170927410308","11.642997592861847878","100","39.046171688471908112","100","51.028548194156918782","100","46.54818132681383247","17.998866869790408174","13.831083737378236265","53.225317331340058047","0.0023561528794533918678"
"12/02/2025 20:57:30.830","0","894","100","42.341947655159906105","25.868218413777022135","20.029428302907138715","100","39.318288490602292029","100","52.768358567427554817","100","50.161755839360644416","23.365879794832789429","18.673994884312349996","56.043989217816594817","0.0018917190208709096406"
"12/02/2025 20:57:45.842","0","903","100","33.906959584249420914","15.484175090410278841","12.986170413279552349","100","39.31930305136600623","100","53.682829944867705763","100","46.188815913475508523","16.733177428975654522","11.529001018286621161","52.485869370409218959","0.0025987801356236162574"
"12/02/2025 20:58:00.838","0","887","100","36.33710585987570596","16.956912226384513787","9.6632909664684625284","100","36.75388421758518831","100","48.215289054596112805","100","43.42233794093699828","15.706577153256040091","10.809431450169560307","51.488735627965155572","0.0033146316115099513575"
"12/02/2025 20:58:15.852","0","894","100","34.644256214869997734","20.907061661307636768","13.205907138856009198","100","35.580883116249253817","100","45.675639720003402999","100","42.865759015865648962","18.201250612878695279","12.061140926059154665","51.928491644848449482","0.0037053859519050992913"
"12/02/2025 20:58:30.845","0","898","100","32.572610198723737085","16.210786089295027068","8.9157052761739468139","100","36.949658686596386303","100","50.393450470776656402","100","42.368861576343476827","15.377062567795473313","10.062075118235835447","51.070850831995052488","0.0042780950128784205402"
"12/02/2025 20:58:45.842","0","893","100","32.590600749765549438","15.191265858283099277","10.190259422407898171","100","33.840852358734352379","100","50.406686177570946938","100","41.654924914789347667","12.586575006264755672","10.086071788327167553","50.545603467545831222","0.004199761751856706006"
"12/02/2025 20:59:00.830","0","876","100","38.179632066520497347","24.418605814885939509","16.078589904804385213","100","40.681636839544964346","100","51.419407323774969143","100","42.766640817065351143","22.229351638489536214","14.827587518292162372","54.216787437881052369","0.0026216923840421428246"
"12/02/2025 20:59:15.834","0","882","100","36.995890057582379029","19.083977809490104249","12.419080228804602939","100","40.744894946717977291","100","56.261609626751408086","100","49.284294971971277732","20.437785130566844316","12.106663154709973895","53.944515993971329237","0.0013946156877172506423"
"12/02/2025 20:59:30.849","0","903","100","34.856733932257334629","19.559513306126063981","13.836063411995313643","100","38.602992044779270486","100","57.022094431345493604","100","43.806128312170855565","17.790446975212926617","11.234495278299528209","53.05903952935009471","0.0016070467359923759805"
"12/02/2025 20:59:45.836","0","885","100","35.04778901355991394","15.134671359611196806","11.485670742395459598","100","38.071246667824389931","100","53.814077902097977812","100","43.075590371434536507","16.698528766989362282","9.8175561745254107393","51.928760805328892047","0.0025114551665523514486"
"12/02/2025 21:00:00.847","0","880","100","35.151643877473460975","17.352175343040020294","11.314928705629846206","100","35.047553418207776588","100","48.683403582013504263","100","40.668438218555181152","15.062185239194780806","13.188556972412312618","51.372406890984258609","0.0024515345799736949425"
"12/02/2025 21:00:15.834","0","871","100","36.298879614936197413","18.887935090704356611","13.987848907237909302","100","39.635108505806968537","100","52.771509763610637833","100","46.099051981869088479","18.783677937864638352","11.381420086245119805","53.153786213104837088","0.0018984279930627065598"
"12/02/2025 21:00:30.839","0","878","100","35.333970846106531383","19.089364488606729964","14.507552439055505289","100","39.915782895657770268","100","52.932294400064662909","100","41.686028460257105621","16.902590555866371602","11.800118046138862837","52.680641955387017106","0.002586932214105545913"
"12/02/2025 21:00:45.848","0","868","100","33.685542872357743249","17.237059000823251154","11.823633929178978264","100","38.162028989294348946","100","50.55044405709565325","100","45.345227642053089312","15.363181091407929202","10.886694974471321729","51.921150602211717739","0.0031502111794533289163"
"12/02/2025 21:01:00.845","0","848","100","36.653915099776249065","17.900139964841589091","11.857256865807086044","100","38.529292613269717549","100","50.094120613146088772","100","39.154418451100866605","15.19126133423991476","12.690757982915290114","51.839263910491851561","0.00410951039094971729"
"12/02/2025 21:01:15.836","0","869","100","35.377815378457633244","18.075746592689835524","13.176968081056783078","100","38.504695279499998151","100","47.468417662488135988","100","43.090785801028822277","16.616535972203394067","13.489656071161027384","52.150051625370849706","0.004886506713031959527"
"12/02/2025 21:01:30.837","0","882","100","35.629207275012511502","19.380269305598186946","13.234837637678664279","100","39.17064247347460082","100","54.794621290219133414","100","46.149353011620497966","17.71371156514544154","11.880759473560809525","53.162783280484781301","0.0015850071775160832523"
"12/02/2025 21:01:45.838","0.39997393769821959486","878","100","38.649846042403190438","17.297075989249798056","11.047484754180514344","100","42.399600783444753915","100","58.961017556378372717","100","43.024559906951687083","15.630518326564658338","10.630845338509221421","53.13674583591069478","0.00093367611813695251463"
"12/02/2025 21:02:00.850","0","1000","100","39.631556450952899695","22.041441003040894486","15.276011984613202088","100","44.523482048892915941","100","55.764502571818930221","100","46.709236039461863754","19.543436442390660801","15.380095507973623015","54.905813837162689595","0.0019114831712087627241"
"12/02/2025 21:02:15.847","0","988","100","34.674351689012283373","17.170828696594529816","14.982888322542308401","100","39.154420073976361039","100","53.323938686885973937","100","46.447554654150422948","17.170828696594529816","10.815382848157128137","52.811682249992067284","0.00226273103984052067"
"12/02/2025 21:02:30.843","0","1122","100","35.920331775289241705","19.249198578616510957","13.622691124739471746","100","39.150363832144577714","100","57.176026601046949338","100","44.881065868500826355","20.395338985887768501","13.31010737730186122","53.642093789768154011","0.0009910073818873328666"
"12/02/2025 21:02:45.834","0","1424","100","36.524337161988526645","22.974524076698720876","14.010801574122389468","100","36.211649167712614883","100","51.741819550083235413","100","39.338529110471796457","18.909580151111782698","17.033452185456276595","53.062057970493015091","0.0017452402219817807292"
"12/02/2025 21:03:00.842","0","1369","100","28.579664665742331664","30.766001461688997409","23.061767037876947484","100","30.661890185691543564","100","50.338921349211510403","100","22.645321933887107235","28.475553389744877819","22.124765553899806036","53.054490575863951562","0.0002448802981895633734"
"12/02/2025 21:03:15.839","0","1383","100","25.193283219339956958","29.673351215953303495","22.380217267978085971","100","28.42309968201469772","100","48.948062364173509309","100","19.254588433131569758","27.589598659388958168","23.422093546260256858","52.073691199020032627","0.00023627308970099669076"
"12/02/2025 21:03:30.841","0","1210","100","28.238640122988567072","25.322358444387226939","16.573513408583217199","100","26.988805117873702955","100","53.651951893657347625","100","35.112732651120282412","22.301923848692982943","18.448265916255511598","52.219848950340576721","0.00017768791469194314078"
"12/02/2025 21:03:45.840","0","1006","100","38.745844926480842219","30.724467476377149922","29.266035212721931202","100","38.745844926480842219","100","60.413981415072662173","100","52.288430231850725249","29.995251344549533457","24.474043489283360486","58.721158585257370532","0.00014334988505747126692"
"12/02/2025 21:04:00.853","0","940","100","38.594800585719845287","24.024075300975400893","16.530559440249682268","100","36.305115183831425441","100","57.224513628357385642","100","48.690231675864204419","23.503692255091667818","15.177563520951986575","55.004212188526601324","0.00021750942334739802497"
"12/02/2025 21:04:15.850","0","986","100","37.904170915993994129","21.963463114227355533","16.337330948897953675","100","36.758106956389859477","100","57.491445861955625674","100","50.302499206256932496","22.69277654306635128","17.587582541193370389","55.086448562999159151","0.00018163769531249999577"
"12/02/2025 21:04:30.843","0","994","100","33.302129846413144776","21.317356303190504008","14.960215554176759412","100","38.51290095216211995","100","57.167461510743443398","100","48.62179689731512866","18.920401594545978696","17.66981652916622636","54.206006043160527952","0.00017316498800959233663"
"12/02/2025 21:04:45.836","0","986","100","36.011721858850684441","20.483621788767226946","15.168634516456780403","100","33.718982251187355814","100","57.896963568364299135","100","50.706098435238402544","17.565589560832084004","15.585496263304655429","53.928092909399126142","0.00027377398648648651556"
"12/02/2025 21:05:00.850","0","956","100","36.309366039914195312","23.404727786563473302","18.929732263224117617","100","35.997157049913774074","100","56.082602073274166798","100","51.399467223267855331","22.884379469896110493","15.807642363219908788","55.067922522749881864","0.00017882240437158466854"
"12/02/2025 21:05:15.849","0","977","100","38.9541866947215496","23.119777782772189312","16.556831983740551095","100","36.662364352202558848","100","59.580587777392423732","100","50.413298407316474936","21.452997897303838215","17.077700697949403263","55.318145577235242172","0.00016546217494089833825"
"12/02/2025 21:05:30.836","0","996","100","33.692450793943407916","22.536935440094264749","15.968734811192430101","100","36.820165379134763839","100","55.482195737443127825","100","52.354481152251786114","22.745449745773683503","14.196363212917329832","54.483064578188276528","0.00026031386861313869077"
"12/02/2025 21:05:45.851","0","992","100","39.539552546235235297","19.039194287385562632","16.437625980424954264","100","34.752666861427705669","100","56.813966104453740513","100","47.656445663952361258","20.183884342448244809","13.836057673464329909","54.021616343649839109","0.00025186800847457627367"
"12/02/2025 21:06:00.846","0","972","100","36.020261178715031747","22.369860876453895315","17.680792070333662735","100","40.917733042885053862","100","54.984939461245751602","100","48.420243132677420306","20.702636412055596793","16.430373722034929074","54.793902880106927","0.00017930110091743118716"
"12/02/2025 21:06:15.835","0","976","100","40.268621329228452055","22.964242866142804189","19.315729334769326186","100","38.183756454157894211","100","60.700297104919940239","100","50.171729485813607141","23.693945572417497658","18.586026628494622059","56.157029620625984023","0.00024545504731861197403"
"12/02/2025 21:06:30.837","0","975","100","36.675027251735379252","22.614383631643729444","15.740291195154476611","100","38.758085565823030549","100","60.526044948038993709","100","47.506930484991173103","19.698101991921014076","13.344774133953674067","54.571969711412229742","0.00020126969696969694936"
"12/02/2025 21:06:45.844","0.26654217547818781497","967","100","35.759069963053136121","17.642502983427920782","12.43659293181148584","100","37.945552184732036949","100","56.27035556642190528","100","47.732663081770944302","18.163093988589562144","16.705439174136959224","53.554605711769241339","0.00018169556213017750367"
"12/02/2025 21:07:00.834","0","940","100","33.288772902081007032","21.301599282923689316","16.402493542920261405","100","37.249752011019943154","100","56.324993509331157782","100","50.904706307625247064","24.115979176117143368","15.67283949653677233","54.605094685712927571","0.0002589190400000000356"
"12/02/2025 21:07:15.845","0","937","100","37.337542687164827271","21.515792667977208907","18.705350230358352093","100","37.649814069122477633","100","58.467906199632501796","100","48.371131516335140077","22.55669727450270301","15.37445548947674645","54.998224399940475848","0.0002324985611510791176"
"12/02/2025 21:07:30.842","0","970","100","35.299475784475419005","23.630460144960519386","15.712199532432546079","100","38.94604317182381692","100","55.72025315362650133","100","52.490436324832188575","24.56814890170724297","18.42107816303422041","55.399007820274228209","0.00047091418918918917427"
"12/02/2025 21:07:45.837","0","972","100","41.230341549248230137","34.665645658472755031","24.141291928816855261","100","36.853877622064580066","100","57.277375948921580573","100","52.900912021737944713","36.124466967533976458","24.5580980171200558","58.979333920529754209","0.0022133356323320871675"
"12/02/2025 21:08:00.838","0","965","100","36.570875604446015927","25.426513846934895469","17.927504066179743347","100","40.632839235688386736","100","56.568235019793092988","100","48.965072325416336696","23.760067228989299792","15.53198705288295578","55.448591531650215813","0.00029059335926646289372"
"12/02/2025 21:08:15.852","0","962","100","35.789014301850009758","21.531469665469860075","17.056473903686320881","100","36.829710990636876033","100","57.955853773010382213","100","51.191325295895715897","26.630883440525533246","18.617518936866627399","55.466854303336091903","0.00010599251297257226772"
"12/02/2025 21:08:30.849","0","947","100","35.507859664435827085","21.755093066221821374","16.962462281995726698","100","35.299484412947734313","100","59.783576462798436069","100","50.198314894346253823","22.69278169791822819","16.128961276043362716","54.86071081299188279","0.00064219105824446271087"
"12/02/2025 21:08:45.848","0","940","100","35.516448451828054544","21.452992136798631151","15.098393357414973792","100","33.016278440267264216","100","60.309801066472523701","100","52.184248528899956909","19.473690877646344433","14.265003353561379384","54.276404795526090652","0.00011572423469387755094"
"12/02/2025 21:09:00.838","0","932","100","35.790447773401190545","24.532928876529968676","19.633823430669337995","100","36.103156631647614461","100","56.220759845500808183","100","51.73859954396875338","24.324456304365682513","20.155004861080051626","55.70826488344899019","0.00017344541108986615842"
"12/02/2025 21:09:15.847","0","940","100","38.578439754785478044","24.836666954161213283","15.467276408281026789","100","36.808665985008104826","100","56.27617745255915338","100","50.238125767436372371","24.003832238971856583","15.675485087078367741","55.157055470889581272","0.00014970619116582185317"
"12/02/2025 21:09:30.834","0","938","100","36.090369573599879516","21.494369149952220255","14.821911813427579574","100","37.654226761847844784","100","57.046055896122595641","100","49.122512808999587719","23.162483484083384866","15.134683251077174049","54.543884394925854053","0.00022963095866314862936"
"12/02/2025 21:09:45.838","0","916","100","35.642078018177095089","23.041255105878434506","15.126688648566888773","100","33.767575436182248438","100","58.344387066781287388","100","49.180152221473171892","20.646057362218360964","13.772881228237277895","54.126756257292896635","0.00013918783454987834845"
"12/02/2025 21:10:00.850","0","891","100","37.029465430662831693","19.231182106106381013","17.357678598258331704","100","37.44579954351795692","100","59.719674581266971813","100","48.47865353417868306","24.643525573222959224","14.755590392913820352","54.888464257699752125","0.00026280537790697672349"
"12/02/2025 21:10:15.836","0","891","100","34.939195473305439066","20.655012428181795059","15.754599266716018846","100","38.067118767858062256","100","55.687753327171172657","100","48.285001530063297537","20.759276538000214885","16.588712145263386333","54.228055789713280888","0.00012111342024539875975"
"12/02/2025 21:10:30.848","0","945","100","37.341716432692670935","22.249604942228284443","13.09025452042920179","100","40.568305785826431986","100","56.909419606536147285","100","50.872575010350409741","21.312853194544278068","16.108676818522084773","54.871117081571696872","0.0001234095516569200658"
"12/02/2025 21:10:45.839","0","942","100","36.732791182452743328","20.056096930710452853","14.427712620747435324","100","32.563617619517160051","100","56.84905362361685377","100","50.907981296433668206","23.078747763838748597","15.470006011481329367","54.173834365445053152","0.00012380120772946859829"
"12/02/2025 21:11:00.847","0","920","100","37.325015190417374811","24.519328925336548508","17.335651264437544228","100","39.094906788030179712","100","59.708938336696881777","100","49.610145103259164046","20.979545730110949364","19.521987943841590862","55.674626273688119227","0.00015777876386687797374"
"12/02/2025 21:11:15.833","0","949","100","35.251987370703496083","23.470142882602839762","15.024749930955472621","100","37.128741359958461032","100","58.71141223639063611","100","51.82998094245574805","24.512783987744491299","14.816221709927146932","55.062168368394857509","0.00017355467289719626834"
"12/02/2025 21:11:30.843","0","959","100","36.500588381800547211","21.926952928443299129","17.867154480722348353","100","40.456289433426086077","100","58.361041561836422886","99.895902603904602302","50.24144466639452844","21.926952928443299129","16.617985727577444521","55.316193059157384937","0.0018548747404844288279"
"12/02/2025 21:11:45.830","0.26689517697929282525","962","100","35.777593422216348529","19.930506084841159264","15.238934175749818678","100","35.04779334746880437","100","58.401395739390139283","100","50.060823456561088562","18.992191703022886173","14.821905561608360813","54.022595290904881438","0.00012657264573991030806"
"12/02/2025 21:12:00.833","0","941","100","34.38804103296428849","22.098816972471880149","14.600307376239229029","100","35.53364666572205266","100","59.591364953635149959","100","47.093848959914062391","20.432481506642407254","13.35055577686712347","53.924088048259520178","0.00022903631889763779615"
"12/02/2025 21:12:15.844","0","952","100","32.341197871470242831","23.909870221607299356","14.645818853239378043","100","37.649811576939498536","100","56.17791431367533761","100","51.285662467458571712","21.307608601279238059","16.207175825436216599","54.460421644258815377","0.0002672012759170654052"
"12/02/2025 21:12:30.829","0","1144","100","38.480070862950341848","23.882121576192805179","17.938670795155797322","100","39.418510459956188186","100","54.850628277385595766","100","49.845617093354434246","25.34191650486855707","19.085652524829612275","55.736932341224445508","0.00048656302521008404404"
"12/02/2025 21:12:45.833","0","1138","100","32.830325488221930641","17.105331920348309183","15.1266903455827606","100","32.413769367218655759","100","53.65813153838567473","100","50.742238691362750558","19.292251555615504088","14.189439073325383234","52.946515053835007336","0.0004926706401766004894"
"12/02/2025 21:13:00.846","0","1104","100","37.033660255734943689","21.318094468323334212","16.530571115866820264","100","34.015439011794967428","100","58.265285557933410132","100","54.310374962425854051","23.920009333788826211","17.883566845908870135","55.273083795693189302","0.00037150608974358974692"
"12/02/2025 21:13:15.842","0","1118","100","34.565802639404466845","22.062452825277933499","15.602388754645890145","100","39.358753401486303858","100","58.426361868029275115","100","49.986600743493859511","20.082755771374561249","18.311447881039967456","54.866380101447575157","0.00024481541501976286602"
"12/02/2025 21:13:30.831","0","1107","100","38.600732706206898115","26.091544123430722379","18.690274211954815087","100","35.056462607753644534","100","57.573002056750780753","100","48.086867381478839434","25.257598217912303085","16.709652686348587025","55.505511388371964188","0.00023847368421052632186"
"12/02/2025 21:13:45.846","0","1085","100","35.689229738690777083","21.016384096547412241","17.478251104824906292","100","32.255159482018925132","100","56.085525808620559474","100","51.923016406594079797","23.826077942915290464","16.957937429571590116","54.602631501147882886","0.00018015956034840314298"
"12/02/2025 21:14:00.837","0","1051","100","35.898956042268217459","23.391435270027869819","15.782693466914988534","100","38.087772177410272434","100","57.578658714151487175","100","49.44877021219525659","21.932224513266497468","16.303840165758330727","54.868695880166072243","0.00020002056451612901852"
"12/02/2025 21:14:15.850","0","1044","100","36.617350921961147492","25.273001579586374277","18.508022613950036117","100","35.472508327776530734","100","59.826432604067328214","100","48.169853463278563765","20.06917160601996386","16.010184226638159544","54.995543889621544054","0.00024771126903553301489"
"12/02/2025 21:14:30.846","0","1048","100","36.962282644450148439","22.27084769051209534","15.289811223037974131","100","37.06647721859156519","100","57.905392046872506739","100","49.465631541418716211","19.249205040411354162","14.873032926472362192","54.423556805454765595","0.00015387010101010101552"
"12/02/2025 21:14:45.840","0","1039","100","32.889735765030934544","21.218385463297185112","15.799544251777941639","100","32.368693340846391493","100","56.857687277519886493","100","50.60517818730537698","18.821590312048286364","13.715374555039772986","53.523015762738815226","0.00023237152542372881917"
"12/02/2025 21:15:00.842","0","1023","100","35.737653580550464483","21.364551788193843151","16.156906211253030392","100","36.6750297843998041","100","57.818070826779475624","100","49.694143726751818235","23.03099837281489215","16.677670768947116642","54.762918310588446502","0.0004901292016806722265"
"12/02/2025 21:15:15.835","0","1024","100","36.741232869292417718","21.421564387885471348","13.709622431258850384","100","37.783387187755479886","100","57.167457511168336737","100","47.892284076847133178","23.505873024811585026","15.585500204492353404","54.483910474615349528","0.0005281564655172414028"
"12/02/2025 21:15:30.850","0","1061","100","32.879542150648518373","22.577332341213185884","17.374196073821600805","100","37.354239340605289499","100","59.311474388997787344","100","49.633640931649438244","20.496077834256553274","16.125443369647619818","54.645995757903811807","0.00031716958981612444713"
"12/02/2025 21:15:45.846","0","1081","100","36.232912120904082087","20.812113091318796165","15.28979992531865939","100","32.690296127620975142","100","56.029883848074376829","100","49.257235625621390795","19.353388858790452787","13.622686516714843208","53.607359342774273614","0.00011871411042944785539"
"12/02/2025 21:16:00.831","0","1061","100","37.333091642465156212","22.63087187805182765","16.478879210673202493","100","42.546644750413150859","100","57.353135576985451394","100","49.532805915063462976","21.17107700782639057","17.834403018739674707","55.406742194239932076","0.00013820296495956874128"
"12/02/2025 21:16:15.832","0","1077","100","35.52504784603912924","24.692422605309026551","16.672113532845401096","100","38.02488444005376067","100","57.815257476002976489","100","52.190625139470050442","24.484102889141144743","16.047154384341745015","55.454301137182326897","0.0001294236144578313338"
"12/02/2025 21:16:30.833","0","1065","100","38.75400793772055863","20.213554558323032495","15.943000690034846656","100","35.212573022554735758","100","54.898784756858844958","100","48.128394477865363399","21.150993212337521499","14.484762783790095853","54.065505953290418972","0.00013327251184834122536"
"12/02/2025 21:16:45.835","0.26663404310271293651","1076","100","34.696123159257233226","21.57285604293571879","15.948598707369354699","100","37.404098913418813765","100","55.214247142712302718","100","48.652613584551538395","18.760727375152530527","16.469363275477356012","54.059885572309795521","0.00021783870967741935298"
"12/02/2025 21:17:00.844","0","1224","100","35.975840227837963425","22.650486649241628356","19.110939604926990398","100","40.868743494978801323","100","55.547453296401315015","100","48.884776507103154586","22.962799623739982735","15.675496885445117101","55.139711468517525361","0.0054069658769279700314"
"12/02/2025 21:17:15.831","0","1245","100","31.294533069589746788","17.532588251965840698","12.736758997339325816","100","32.962647592938097318","100","46.411820937434185907","100","39.843620001750053916","15.238930782361858718","11.694187420246615616","50.642924032343117346","0.0068877310983626151633"
"12/02/2025 21:17:30.841","0","1263","100","30.567034954047777262","15.785204314579692308","11.517210960930446717","100","33.689956920132580365","100","43.89150200934295043","100","36.708781487347899031","16.826178303274620163","11.309016163191465409","50.024573648366718714","0.007018074741357557822"
"12/02/2025 21:17:45.840","0","1250","100","27.911766108526727237","14.994221307164457002","7.3895376741044183078","100","35.203928496392521197","100","43.433654619841057354","100","36.558187225567593259","11.973182603620058373","9.5771863904641545417","48.920138257665421122","0.0062542376266118485106"
"12/02/2025 21:18:00.852","0","1215","100","31.617120141458208593","16.420924617337817608","15.067838714505176867","100","35.98862844291750207","100","49.103153347295382503","100","41.60913911622230188","18.086261113131829603","11.841249253904273075","51.644526784009883613","0.0044812406822189064168"
"12/02/2025 21:18:15.845","0","1226","100","36.115946243517591085","17.982462795511167997","13.292768800337096735","100","40.076132283886813923","100","49.55973569634993936","100","42.473086992531335682","15.585508086866639132","12.042183734957333741","52.260651941666715459","0.0060084733438299552447"
"12/02/2025 21:18:30.843","0","1257","100","31.136567069798250174","13.009127841575695683","10.9255141371823008","100","33.42854214463098117","100","46.138585741430702569","100","37.699950238637448763","14.259296064211735455","9.2586231736675799198","49.654683534216360385","0.0067295181404127858704"
"12/02/2025 21:18:45.840","0","1247","100","30.090100794946607721","17.066647142738457177","9.6693254682842173509","100","33.424104929911905515","100","45.405682289943406715","100","37.383234840183177994","14.982894558385151385","9.0441996929782284553","49.755516143181345967","0.0060498372399419410653"
"12/02/2025 21:19:00.851","0","1196","100","32.44528383593020493","22.036236661189100516","12.251732316932461231","100","39.523435914754159626","100","49.099759315515981939","100","40.668431103975677843","18.497160621777119616","12.251732316932461231","52.23114778494710464","0.0045730173068760614219"
"12/02/2025 21:19:15.848","0","1197","100","34.98691676713021792","18.525270692140750839","14.982891157016442918","100","38.737671569026552731","100","50.40668650825958963","100","39.98792316965865723","18.212707791982730043","12.690763222524237719","52.37756912867812531","0.0048826167280643000337"
"12/02/2025 21:19:30.834","0","1206","100","33.062443729912985191","16.797243140919871252","13.147999419030387713","100","34.105084793309970337","100","49.536172531585485501","100","40.882251705390437735","15.546073864843478418","11.68830193027460318","51.230463925960464167","0.0037406239551311401895"
"12/02/2025 21:19:45.846","0","1200","100","31.408949881122950387","17.357672542657997639","8.5105719962170987003","100","36.821293744827968908","100","50.560320475771469262","100","37.758045567392294117","17.149505470977032928","11.112660392229134487","50.889918561311198175","0.0048647774782203416152"
"12/02/2025 21:20:00.833","0","1181","100","30.877507667271196112","12.945277378840792437","11.589934391924538559","100","33.483936488263985609","100","42.971337396677746767","100","39.113822741608416322","14.092106060077625784","10.651620016367136401","49.64379517841928191","0.0068500133183274835788"
"12/02/2025 21:20:15.838","0","1193","100","27.107538975840494544","16.590198170926051091","13.882763904314410652","100","33.876124642369596529","100","44.809993795993520393","100","39.395125262770235963","17.42325486834501902","13.153839294072822597","50.519903020737565669","0.0077217908222363138351"
"12/02/2025 21:20:30.848","0","1197","100","32.336688030096446766","16.097493157319608059","8.9147723482067675604","100","33.481759463433277801","100","44.203791975587222396","100","36.604681554351913064","14.015545096707182182","8.810674945176144135","49.53878421401823573","0.0052367278335777129802"
"12/02/2025 21:20:45.844","0","1477","100","27.897354694147946219","31.023191918390089938","23.521182580208954249","100","25.500879488895634495","100","47.277545484449220226","100","17.061118983441858177","28.314132990713570592","21.85406939394647452","51.870789738990353612","0.0023697146783058517863"
"12/02/2025 21:21:00.842","0","1419","100","27.698604457549137692","30.407302273260562231","23.94809978964103081","100","22.385389511345977098","100","52.285246169391221827","100","19.676691695634563217","27.281881716670465465","21.760305400027956324","52.120293306667342392","0.015356205382775120136"
"12/02/2025 21:21:15.839","0","1273","100","31.865827777735432846","25.406624906511577677","20.614313098829363469","100","31.136562937435975584","100","50.618352242578893652","100","35.30379059629007088","26.031709055339689485","20.614313098829363469","53.465957587210390045","0.00017342524654832345145"
"12/02/2025 21:21:30.850","0","1116","100","40.356162072741852853","28.698029703016004532","28.48984876784232867","100","40.147981137568180543","100","60.757893719762101625","100","53.992013326617623648","26.303948948518730333","22.452601647805725094","58.43320683238238189","0.00014325980707395496766"
"12/02/2025 21:21:45.842","0.2668101696270333556","1107","100","34.339902489210558656","18.706545939022600322","17.247432661005056787","100","34.75679199721557211","100","57.685714937491262333","100","46.846587729360933849","20.790993479047671144","16.100986513991276894","53.872912867691539418","0.00012844952380952382137"
"12/02/2025 21:22:00.833","0","1090","100","36.21164321055108104","20.994159401303459589","15.365774978705026399","100","37.566624645621068623","100","56.640594077760212599","100","47.051494691111031443","20.7857007189850016","17.03344443725270807","54.304119791285430097","0.00023605741127348645156"
"12/02/2025 21:22:15.844","0","1099","100","34.735278562172069883","23.493508362354809549","16.519447219875594612","100","36.817087858434518921","100","56.802457102554072321","100","51.806114791524194629","22.036241854971095222","17.039899543941206872","54.937503052348787946","0.00019340710743801653188"
"12/02/2025 21:22:30.841","0","1102","100","35.820419546018257506","19.983899693737040337","16.441520253095188053","100","37.383234005124954535","100","59.57519932444006372","100","51.13600124526389834","24.776530701664245981","16.233144991880966046","55.112495368901491588","0.00014386327683615817894"
"12/02/2025 21:22:45.829","0","1087","100","36.928632204886078227","24.314358645863297426","13.889339175596537856","100","34.530877726724732213","100","58.508422508338277623","100","46.311149728126167702","17.225345406081892463","15.661592485541886433","53.947476823697193993","0.00012112524271844659523"
"12/02/2025 21:23:00.840","0","1075","100","33.278009387861104074","21.515786393833501222","13.188548875937854632","100","36.40072345707196888","100","55.865641155153056729","100","50.244755830573481603","19.954429359228065266","14.437634503622199134","53.740460857969928554","0.00057783818407960193652"
"12/02/2025 21:23:15.844","0","1084","100","35.954498103173428092","23.666092861180686668","16.897056075337236081","100","40.953171421950138154","100","56.78230359807637484","100","49.90912778475841094","24.29092702602777365","16.168082883015632234","55.385104424051824878","0.00012709514705882350824"
"12/02/2025 21:23:30.842","0","1101","100","34.782889313129693676","23.114652257331801621","17.280533729432868029","100","37.90830995307554474","100","54.681400720784999692","100","47.701294624905919761","19.155786113400385062","17.593075793427448872","54.351495653294989552","0.00017383160919540231759"
"12/02/2025 21:23:45.828","0","1087","100","34.834935277048437285","22.636035160911905706","16.380188947508557362","100","37.858594280193393899","100","59.649791923548399097","100","48.493532842979092834","20.655017193334181513","15.233283808384612712","54.645114952825714738","0.0001230177842565597637"
"12/02/2025 21:24:00.834","0","1013","100","36.483657299168157806","21.07313480781879278","16.908128729075720287","100","36.379532147199576286","100","58.245814060600700657","100","49.082800687365946146","23.155637847190323697","17.324629336950025049","54.887777576413611769","0.00024134236220472443245"
"12/02/2025 21:24:15.841","0","1066","100","34.717881427555361995","26.180188089532308027","17.642494751509239848","100","35.759063541948421516","100","59.185661115792200349","100","48.045012491786486919","24.2019420721854992","17.642494751509239848","55.281228186818232473","0.00014608681318681318519"
"12/02/2025 21:24:30.832","0","1073","100","37.56663172566013742","22.140690983419229809","16.512307199088095189","100","35.065127821512966477","100","57.578662958837512065","100","50.074151246396006343","22.870296288795486817","17.763059151161677107","54.964243836727973758","0.00021189993256911666812"
"12/02/2025 21:24:45.836","0","1102","100","34.913110431213070228","22.624705680626099991","14.501861862441490558","100","34.913110431213070228","100","61.260283328658019286","100","49.284295648001219092","21.270898377595326423","15.959808188782309557","54.560673051207466244","0.00013583528336380255885"
"12/02/2025 21:25:00.849","0","1087","100","35.992887488027022869","20.901779660000872951","16.114255797316722862","100","34.431738402369148844","100","59.514200378605707442","100","49.002463201842672902","23.815924619895579184","17.467251671553551517","54.770041657285894132","0.0021240823325635103773"
"12/02/2025 21:25:15.836","0","1097","100","33.796711038953674233","22.95396765005789419","16.072995884027886149","100","36.194625442267160054","100","58.818426551790082613","100","46.203311647401726248","23.788024833819111592","16.907053067789099998","54.56125989875746285","0.00016065572005383581028"
"12/02/2025 21:25:30.839","0","1108","100","36.470960788693894017","21.057357832508159845","18.24541675266345564","100","37.616566413815810677","100","54.279920961043636396","100","49.801644426476165961","23.452715048672157394","15.016891809138066094","54.661789724929008116","0.0032040317612380248523"
"12/02/2025 21:25:45.847","0","1102","100","35.242792370371930133","23.478219280101875199","15.565763042398128135","100","34.305790973801741472","100","58.876049817197603886","100","49.506035851495802547","21.916550285818235722","15.878096841254851768","54.564107649943260014","0.025075068929712462235"
"12/02/2025 21:26:00.837","0","1083","100","36.207386959773216972","22.343959616063802542","15.360127796300403702","100","31.725226239626557856","100","56.324992052524478936","100","49.549632824395807518","21.822778136976982211","15.151655204665681609","54.040480013712624441","0.00047443742690058478577"
"12/02/2025 21:26:15.851","0","1076","100","34.852389017593743858","25.694258400258675579","18.513451438939132032","100","37.662270002457908902","100","60.453526879689491125","100","49.526211938551057301","25.59018873415259776","18.097172774514813653","55.865788987838804758","0.00013409422776911077623"
"12/02/2025 21:26:30.850","0","1094","100","38.850016213433789858","23.328129357899950236","14.160840476779290142","100","35.099761671157160947","100","56.038682865535029975","100","47.704783882698066577","23.432303095185414321","16.869357646201311951","54.623656823000764859","0.00065446336088154273298"
"12/02/2025 21:26:45.844","0.26654093042508747446","1125","100","36.07141604630479037","22.536048108226015785","17.850728437352579192","100","40.548499287361629229","100","55.541522234156595061","100","52.313857571999342611","24.201939546758787003","14.414827345378732559","55.2899026594977272","0.00064122695035460984363"
"12/02/2025 21:27:00.840","0","1088","100","34.82188398098124793","23.037680604742661217","18.761996193895026153","100","38.784713434937586385","100","58.077435776567142511","100","50.256061854284880042","21.681975791547070997","17.30200639506900373","55.226979725143351629","0.00068466561403508763295"
"12/02/2025 21:27:15.845","0","1480","100","37.312485608112979207","23.462918475021655951","20.443088047505497684","100","38.562070612602418862","100","53.244694415353365002","100","47.933958146273234036","25.233163898048360352","17.631521787404260238","55.318658304785927271","0.00012635700876095117603"
"12/02/2025 21:27:30.839","0","2510","100","8.9217933640190256739","16.007969624026696209","13.81959166137726136","100","11.214379801080331944","100","11.422796749904085445","100","6.5249984525458382123","17.987930637852368676","13.92380013578914344","41.651938480038595003","0.00059474801401869156758"
"12/02/2025 21:27:45.850","0","2502","100","4.4449520284180810137","9.7535658046170699009","7.6717564806174642911","100","6.0063090214177776716","100","4.5490424946180603172","100","2.5713236368184344549","8.9208420750172319202","6.5267613524176866235","37.5370459634653173","0.00065469299065420559925"
"12/02/2025 21:28:00.836","0","2453","100","6.5793588494687522683","12.835205355084688961","8.3518486927266053499","100","8.664641018007390727","100","4.0770202472223733281","100","4.181284355649306228","11.166979620253769667","8.7689051264343227388","38.718770605715747024","0.0016638540828402366076"
